{"theta0": 4920.070274027176, "theta1": -859.4186316161586}