{"theta0": 8059.282628515127, "theta1": -17939.12146343496}