{"theta0": 6331.831537271141, "theta1": -1106.0195672635098}